name	semantic_type	wavelength_unit	value_unit	normalization	source_citation	source_license	asset_generation_script_version	sha256	storage
cie-x	color_matching_function	nm	relative_response	CIE 1931 2-degree observer, 1 nm samples	pbrt-v4 8c19f304558fd7681e2fef2c395a689d0106fb05 src/pbrt/util/spectrum.cpp	Apache-2.0	pr4-spectral-assets-v1	40a200b7d366e91b3bb267fa07d4009c22dbcd15ed021c338bdfbb2743a73195	dense_1nm
cie-y	color_matching_function	nm	relative_response	CIE 1931 2-degree observer, integral 106.856895	pbrt-v4 8c19f304558fd7681e2fef2c395a689d0106fb05 src/pbrt/util/spectrum.cpp	Apache-2.0	pr4-spectral-assets-v1	48144e4ec9e1b1e48cfd65d70997a7a7531b8102a876b84933c708a6461e7629	dense_1nm
cie-z	color_matching_function	nm	relative_response	CIE 1931 2-degree observer, 1 nm samples	pbrt-v4 8c19f304558fd7681e2fef2c395a689d0106fb05 src/pbrt/util/spectrum.cpp	Apache-2.0	pr4-spectral-assets-v1	da294f30b37d9582fac3502f1291b6f6c245fd457a9261e073f30af42c170f1b	dense_1nm
stdillum-A	illuminant	nm	relative_spd	pbrt luminance normalization to CIE_Y_integral=106.856895	pbrt-v4 8c19f304558fd7681e2fef2c395a689d0106fb05 src/pbrt/util/spectrum.cpp	Apache-2.0	pr4-spectral-assets-v1	fcb68267ecb522bdf3e6bccff87562c0fce5a86040ef19e3c835faebc427650a	piecewise_linear
stdillum-D50	illuminant	nm	relative_spd	pbrt luminance normalization to CIE_Y_integral=106.856895	pbrt-v4 8c19f304558fd7681e2fef2c395a689d0106fb05 src/pbrt/util/spectrum.cpp	Apache-2.0	pr4-spectral-assets-v1	56d8bb4b64c45939843c9c23cd902fae4c5ae7a127105b5df6958595455a3542	piecewise_linear
illum-acesD60	illuminant	nm	relative_spd	pbrt luminance normalization to CIE_Y_integral=106.856895	pbrt-v4 8c19f304558fd7681e2fef2c395a689d0106fb05 src/pbrt/util/spectrum.cpp	Apache-2.0	pr4-spectral-assets-v1	57d485564e6728048ea3b71fbf7eb8d906d324710289ea7ca3f75750621e7286	piecewise_linear
stdillum-D65	illuminant	nm	relative_spd	pbrt luminance normalization to CIE_Y_integral=106.856895	pbrt-v4 8c19f304558fd7681e2fef2c395a689d0106fb05 src/pbrt/util/spectrum.cpp	Apache-2.0	pr4-spectral-assets-v1	93e98526d9a821907b4dfb8563f46a6e8007542505b631caeddff4cd7010e5e8	piecewise_linear
stdillum-F1	illuminant	nm	relative_spd	pbrt luminance normalization to CIE_Y_integral=106.856895	pbrt-v4 8c19f304558fd7681e2fef2c395a689d0106fb05 src/pbrt/util/spectrum.cpp	Apache-2.0	pr4-spectral-assets-v1	8980bf75c85bf3febecb44cc92a75d8f31e747f3982c5abb067550a3a557d78d	piecewise_linear
stdillum-F2	illuminant	nm	relative_spd	pbrt luminance normalization to CIE_Y_integral=106.856895	pbrt-v4 8c19f304558fd7681e2fef2c395a689d0106fb05 src/pbrt/util/spectrum.cpp	Apache-2.0	pr4-spectral-assets-v1	7670edcd8b664b9a4effc503ecf7f31f7c384d5e8c7342e8d3dfbc6537deb911	piecewise_linear
stdillum-F3	illuminant	nm	relative_spd	pbrt luminance normalization to CIE_Y_integral=106.856895	pbrt-v4 8c19f304558fd7681e2fef2c395a689d0106fb05 src/pbrt/util/spectrum.cpp	Apache-2.0	pr4-spectral-assets-v1	91b2bd1d4980a6a095f9f55bea35aec6ce8967ef6ea45ff3f31acea9868a51a7	piecewise_linear
stdillum-F4	illuminant	nm	relative_spd	pbrt luminance normalization to CIE_Y_integral=106.856895	pbrt-v4 8c19f304558fd7681e2fef2c395a689d0106fb05 src/pbrt/util/spectrum.cpp	Apache-2.0	pr4-spectral-assets-v1	4eaa9e4f14c0bdcd28a6771bcca093444be053a089606619c24f5783559aef0f	piecewise_linear
stdillum-F5	illuminant	nm	relative_spd	pbrt luminance normalization to CIE_Y_integral=106.856895	pbrt-v4 8c19f304558fd7681e2fef2c395a689d0106fb05 src/pbrt/util/spectrum.cpp	Apache-2.0	pr4-spectral-assets-v1	544939e2b8cdea4ae3aa79beb896f493e9bd5051d5255a38b0bd7a27a775121a	piecewise_linear
stdillum-F6	illuminant	nm	relative_spd	pbrt luminance normalization to CIE_Y_integral=106.856895	pbrt-v4 8c19f304558fd7681e2fef2c395a689d0106fb05 src/pbrt/util/spectrum.cpp	Apache-2.0	pr4-spectral-assets-v1	bac33e28d4340d906c534262de362baa0bcc1ef39af76ff964349cde5b134715	piecewise_linear
stdillum-F7	illuminant	nm	relative_spd	pbrt luminance normalization to CIE_Y_integral=106.856895	pbrt-v4 8c19f304558fd7681e2fef2c395a689d0106fb05 src/pbrt/util/spectrum.cpp	Apache-2.0	pr4-spectral-assets-v1	1d748b1061878b0f290084c55f82a986b3233f903872edaf40de3b68406ec97c	piecewise_linear
stdillum-F8	illuminant	nm	relative_spd	pbrt luminance normalization to CIE_Y_integral=106.856895	pbrt-v4 8c19f304558fd7681e2fef2c395a689d0106fb05 src/pbrt/util/spectrum.cpp	Apache-2.0	pr4-spectral-assets-v1	e43f5a91f32fe9ba7f04d55fe5a892c1d275a78741ddf299a87eacb32c255931	piecewise_linear
stdillum-F9	illuminant	nm	relative_spd	pbrt luminance normalization to CIE_Y_integral=106.856895	pbrt-v4 8c19f304558fd7681e2fef2c395a689d0106fb05 src/pbrt/util/spectrum.cpp	Apache-2.0	pr4-spectral-assets-v1	a26f95d839917ebfd8fa1c96099ffb316e6d48d931d47a82fa335880c390a95a	piecewise_linear
stdillum-F10	illuminant	nm	relative_spd	pbrt luminance normalization to CIE_Y_integral=106.856895	pbrt-v4 8c19f304558fd7681e2fef2c395a689d0106fb05 src/pbrt/util/spectrum.cpp	Apache-2.0	pr4-spectral-assets-v1	e98958510b5809d9c949ec908a0c9cb7a681a0774b73455c6453e2c8a8c48a32	piecewise_linear
stdillum-F11	illuminant	nm	relative_spd	pbrt luminance normalization to CIE_Y_integral=106.856895	pbrt-v4 8c19f304558fd7681e2fef2c395a689d0106fb05 src/pbrt/util/spectrum.cpp	Apache-2.0	pr4-spectral-assets-v1	de45706377f3f9329383a8a9d7ebfe3a12532ab346754b6750a770922a18f756	piecewise_linear
stdillum-F12	illuminant	nm	relative_spd	pbrt luminance normalization to CIE_Y_integral=106.856895	pbrt-v4 8c19f304558fd7681e2fef2c395a689d0106fb05 src/pbrt/util/spectrum.cpp	Apache-2.0	pr4-spectral-assets-v1	7f1241788794ed449cb95c3ee699ee5788bfdc7c6f43efffdab07e2170c46e33	piecewise_linear
metal-Ag-eta	optical_eta	nm	dimensionless	none	pbrt-v4 8c19f304558fd7681e2fef2c395a689d0106fb05 src/pbrt/util/spectrum.cpp	Apache-2.0	pr4-spectral-assets-v1	b44649f3d63ada9c2564ad6c64dd9532ba2de8c00b5858d29a96c1a9dc3478d2	piecewise_linear
metal-Ag-k	optical_k	nm	dimensionless	none	pbrt-v4 8c19f304558fd7681e2fef2c395a689d0106fb05 src/pbrt/util/spectrum.cpp	Apache-2.0	pr4-spectral-assets-v1	6d7b627a035e0d9e9ac9ce706bb4afb82e261580adbf155161279ddbeddd8522	piecewise_linear
metal-Al-eta	optical_eta	nm	dimensionless	none	pbrt-v4 8c19f304558fd7681e2fef2c395a689d0106fb05 src/pbrt/util/spectrum.cpp	Apache-2.0	pr4-spectral-assets-v1	1ecf1859777a17ac74613ccb2ab2c7ffac8d77f7054c90d2e7e2f802a66afed1	piecewise_linear
metal-Al-k	optical_k	nm	dimensionless	none	pbrt-v4 8c19f304558fd7681e2fef2c395a689d0106fb05 src/pbrt/util/spectrum.cpp	Apache-2.0	pr4-spectral-assets-v1	6ce72fadf5790dca814ce50cd8303c28c1ebfe063f334e59c704dfb3cc25cd2e	piecewise_linear
metal-Au-eta	optical_eta	nm	dimensionless	none	pbrt-v4 8c19f304558fd7681e2fef2c395a689d0106fb05 src/pbrt/util/spectrum.cpp	Apache-2.0	pr4-spectral-assets-v1	17ff095fac426f8f6eff6faa933ff37a12cf6e958a7e9260d86e751a0a2ee134	piecewise_linear
metal-Au-k	optical_k	nm	dimensionless	none	pbrt-v4 8c19f304558fd7681e2fef2c395a689d0106fb05 src/pbrt/util/spectrum.cpp	Apache-2.0	pr4-spectral-assets-v1	d5f04e972df6563a6c3edb31e8a6e658b73ec5807872182c9831d27f53f230ee	piecewise_linear
metal-Cu-eta	optical_eta	nm	dimensionless	none	pbrt-v4 8c19f304558fd7681e2fef2c395a689d0106fb05 src/pbrt/util/spectrum.cpp	Apache-2.0	pr4-spectral-assets-v1	5a888cb918c4f80ad94510d1d9ba75024e1f781f2390029503841a477ccf873c	piecewise_linear
metal-Cu-k	optical_k	nm	dimensionless	none	pbrt-v4 8c19f304558fd7681e2fef2c395a689d0106fb05 src/pbrt/util/spectrum.cpp	Apache-2.0	pr4-spectral-assets-v1	1d2e2c18eb02ea36322d0db61912385ed62f850c1025e98ccefb21a6572693f6	piecewise_linear
metal-CuZn-eta	optical_eta	nm	dimensionless	none	pbrt-v4 8c19f304558fd7681e2fef2c395a689d0106fb05 src/pbrt/util/spectrum.cpp	Apache-2.0	pr4-spectral-assets-v1	8825c448d960dbfd05978a8409d032fd777a8b2a6b414523d5430df03f6237b4	piecewise_linear
metal-CuZn-k	optical_k	nm	dimensionless	none	pbrt-v4 8c19f304558fd7681e2fef2c395a689d0106fb05 src/pbrt/util/spectrum.cpp	Apache-2.0	pr4-spectral-assets-v1	0bafdd2e25f94f2e4d10dc62cce01342dc07f4a3921043cb1cc067cf08976543	piecewise_linear
metal-MgO-eta	optical_eta	nm	dimensionless	none	pbrt-v4 8c19f304558fd7681e2fef2c395a689d0106fb05 src/pbrt/util/spectrum.cpp	Apache-2.0	pr4-spectral-assets-v1	acdfa6b54f6870af6548965a637217cfd2cbe005869e7c824a3ffb116f7d254d	piecewise_linear
metal-MgO-k	optical_k	nm	dimensionless	none	pbrt-v4 8c19f304558fd7681e2fef2c395a689d0106fb05 src/pbrt/util/spectrum.cpp	Apache-2.0	pr4-spectral-assets-v1	7316a821f6497bbe08387f0114be4c61488982a1cad2211527d6498725b516ac	piecewise_linear
metal-TiO2-eta	optical_eta	nm	dimensionless	none	pbrt-v4 8c19f304558fd7681e2fef2c395a689d0106fb05 src/pbrt/util/spectrum.cpp	Apache-2.0	pr4-spectral-assets-v1	e568169b475eb10d055b7d54712dc87ced468d383c81f10c1e2059b27600b451	piecewise_linear
metal-TiO2-k	optical_k	nm	dimensionless	none	pbrt-v4 8c19f304558fd7681e2fef2c395a689d0106fb05 src/pbrt/util/spectrum.cpp	Apache-2.0	pr4-spectral-assets-v1	5bab98cde289ae8abb93fab1fdae6a89a0260e701e4349961d27c4154467de73	piecewise_linear
glass-BK7	glass_eta	nm	dimensionless	none	refractiveindex.info data embedded in pbrt-v4 spectrum.cpp	CC0-1.0	pr4-spectral-assets-v1	8b44fe3be71fce6fa974bbc230cc0c5e609037605931d139c074dcbbf34ab37f	piecewise_linear
glass-BAF10	glass_eta	nm	dimensionless	none	refractiveindex.info data embedded in pbrt-v4 spectrum.cpp	CC0-1.0	pr4-spectral-assets-v1	ef59651f7451433b786ee249a6edd115da7fc83720d44cbe30e62aa2bd4634ba	piecewise_linear
glass-FK51A	glass_eta	nm	dimensionless	none	refractiveindex.info data embedded in pbrt-v4 spectrum.cpp	CC0-1.0	pr4-spectral-assets-v1	a58405f9e2df9cd45f75f15e673c89f0176b45597859f791a4e7e838f71efb0f	piecewise_linear
glass-LASF9	glass_eta	nm	dimensionless	none	refractiveindex.info data embedded in pbrt-v4 spectrum.cpp	CC0-1.0	pr4-spectral-assets-v1	577809331a81ee1f6f4a81306bf8f2ab41cc1a8bd51ab3c9b8957468b2197824	piecewise_linear
glass-F5	glass_eta	nm	dimensionless	none	refractiveindex.info data embedded in pbrt-v4 spectrum.cpp	CC0-1.0	pr4-spectral-assets-v1	d3c592dc42ff5576bcb3fa732408ef892c26b3eb5503656eb489f07cd93e0081	piecewise_linear
glass-F10	glass_eta	nm	dimensionless	none	refractiveindex.info data embedded in pbrt-v4 spectrum.cpp	CC0-1.0	pr4-spectral-assets-v1	3d8f89f76ccdc59da688a82384565a8295537440ee0b9032a99bacfc8b3ee1ee	piecewise_linear
glass-F11	glass_eta	nm	dimensionless	none	refractiveindex.info data embedded in pbrt-v4 spectrum.cpp	CC0-1.0	pr4-spectral-assets-v1	b7c493c3edde6d701fdf7cbd10b1ff68c2c0b51fe56517918cb47ceebdbd6cf8	piecewise_linear
canon_eos_100d_r	camera_sensor_response	nm	relative_response	none	pbrt-v4 8c19f304558fd7681e2fef2c395a689d0106fb05 src/pbrt/util/spectrum.cpp	Apache-2.0	pr4-spectral-assets-v1	680a222d6b1ba45b1576ea26af388630a37b4209c7b690c6cf1b9bbf02c283d8	piecewise_linear
canon_eos_100d_g	camera_sensor_response	nm	relative_response	none	pbrt-v4 8c19f304558fd7681e2fef2c395a689d0106fb05 src/pbrt/util/spectrum.cpp	Apache-2.0	pr4-spectral-assets-v1	3e2aa94fd8c73b3f682bd7d2d4bb03c1bb0f26cf12547764aa15d07878ac3c80	piecewise_linear
canon_eos_100d_b	camera_sensor_response	nm	relative_response	none	pbrt-v4 8c19f304558fd7681e2fef2c395a689d0106fb05 src/pbrt/util/spectrum.cpp	Apache-2.0	pr4-spectral-assets-v1	89b9929f8c055311afe035729efe3e222c7f3a2e852f52e93f0be5580ee0adec	piecewise_linear
canon_eos_1dx_mkii_r	camera_sensor_response	nm	relative_response	none	pbrt-v4 8c19f304558fd7681e2fef2c395a689d0106fb05 src/pbrt/util/spectrum.cpp	Apache-2.0	pr4-spectral-assets-v1	8dd14690dc398d1e00c660215db6cf51f4d32b3fcf09dc938f9559fa5f452745	piecewise_linear
canon_eos_1dx_mkii_g	camera_sensor_response	nm	relative_response	none	pbrt-v4 8c19f304558fd7681e2fef2c395a689d0106fb05 src/pbrt/util/spectrum.cpp	Apache-2.0	pr4-spectral-assets-v1	5b8122683668275a9e93165091426195259fc91ebfcaf29fd72e80d77b3c7d0c	piecewise_linear
canon_eos_1dx_mkii_b	camera_sensor_response	nm	relative_response	none	pbrt-v4 8c19f304558fd7681e2fef2c395a689d0106fb05 src/pbrt/util/spectrum.cpp	Apache-2.0	pr4-spectral-assets-v1	07b5845b37c2884ca0d231830e25812a958e74cb311d31f3a49c6e75b46847e0	piecewise_linear
canon_eos_200d_r	camera_sensor_response	nm	relative_response	none	pbrt-v4 8c19f304558fd7681e2fef2c395a689d0106fb05 src/pbrt/util/spectrum.cpp	Apache-2.0	pr4-spectral-assets-v1	6741b0d01c76015f316ef5161db4c0f69bca7edd7184cc42d341b5d825ac121f	piecewise_linear
canon_eos_200d_g	camera_sensor_response	nm	relative_response	none	pbrt-v4 8c19f304558fd7681e2fef2c395a689d0106fb05 src/pbrt/util/spectrum.cpp	Apache-2.0	pr4-spectral-assets-v1	05150b9a529f570a80c224d29cf9804cfd156cff85562dd80101061224cf8dc7	piecewise_linear
canon_eos_200d_b	camera_sensor_response	nm	relative_response	none	pbrt-v4 8c19f304558fd7681e2fef2c395a689d0106fb05 src/pbrt/util/spectrum.cpp	Apache-2.0	pr4-spectral-assets-v1	9ad1adbcb7b9fa1fd5fc07420ee24972ddec768439371051a607c87cc7bbf6ca	piecewise_linear
canon_eos_200d_mkii_r	camera_sensor_response	nm	relative_response	none	pbrt-v4 8c19f304558fd7681e2fef2c395a689d0106fb05 src/pbrt/util/spectrum.cpp	Apache-2.0	pr4-spectral-assets-v1	12c9e57a8e1626a2674057b84a34be20891de6f70e9747787f286366cdaf9006	piecewise_linear
canon_eos_200d_mkii_g	camera_sensor_response	nm	relative_response	none	pbrt-v4 8c19f304558fd7681e2fef2c395a689d0106fb05 src/pbrt/util/spectrum.cpp	Apache-2.0	pr4-spectral-assets-v1	e6c2aeba1a81a0a65675d45cd87de4ecc27939ebf470b35452d1e9d758b6cc7a	piecewise_linear
canon_eos_200d_mkii_b	camera_sensor_response	nm	relative_response	none	pbrt-v4 8c19f304558fd7681e2fef2c395a689d0106fb05 src/pbrt/util/spectrum.cpp	Apache-2.0	pr4-spectral-assets-v1	b913d32518ca094310988496d370f97a86cf3c9223ad6a42e9421c2869f261ac	piecewise_linear
canon_eos_5d_r	camera_sensor_response	nm	relative_response	none	pbrt-v4 8c19f304558fd7681e2fef2c395a689d0106fb05 src/pbrt/util/spectrum.cpp	Apache-2.0	pr4-spectral-assets-v1	6590c2154354c4a7f205d0223e5d1f1e1378e6459674c30f6e584e423d5a4ca6	piecewise_linear
canon_eos_5d_g	camera_sensor_response	nm	relative_response	none	pbrt-v4 8c19f304558fd7681e2fef2c395a689d0106fb05 src/pbrt/util/spectrum.cpp	Apache-2.0	pr4-spectral-assets-v1	91dddda8d98aa54a46500b1bae9e6c4799a34c15c2ab44f6ae3ef820e879aa49	piecewise_linear
canon_eos_5d_b	camera_sensor_response	nm	relative_response	none	pbrt-v4 8c19f304558fd7681e2fef2c395a689d0106fb05 src/pbrt/util/spectrum.cpp	Apache-2.0	pr4-spectral-assets-v1	e5ab2dc42f640b0fba0af741d3e456c4c0fb3a0031871a8db31a1a10cafe98ae	piecewise_linear
canon_eos_5d_mkii_r	camera_sensor_response	nm	relative_response	none	pbrt-v4 8c19f304558fd7681e2fef2c395a689d0106fb05 src/pbrt/util/spectrum.cpp	Apache-2.0	pr4-spectral-assets-v1	659b0193f83f02ebd58422d943b5cc895562bfcdf6d2a7004a4a4d0e9fc004a8	piecewise_linear
canon_eos_5d_mkii_g	camera_sensor_response	nm	relative_response	none	pbrt-v4 8c19f304558fd7681e2fef2c395a689d0106fb05 src/pbrt/util/spectrum.cpp	Apache-2.0	pr4-spectral-assets-v1	2e2a30d6e062f84ff515f53abfada0da3d747df6df446a815728fec6318bef46	piecewise_linear
canon_eos_5d_mkii_b	camera_sensor_response	nm	relative_response	none	pbrt-v4 8c19f304558fd7681e2fef2c395a689d0106fb05 src/pbrt/util/spectrum.cpp	Apache-2.0	pr4-spectral-assets-v1	5413a540e67f4446513a53272ea02a925032de9cca38d6cc2cecc9b1f590bb4c	piecewise_linear
canon_eos_5d_mkiii_r	camera_sensor_response	nm	relative_response	none	pbrt-v4 8c19f304558fd7681e2fef2c395a689d0106fb05 src/pbrt/util/spectrum.cpp	Apache-2.0	pr4-spectral-assets-v1	5df6788ae829a1972572e7460c49f39fd5a79f70517f2d2a74143e3088613a79	piecewise_linear
canon_eos_5d_mkiii_g	camera_sensor_response	nm	relative_response	none	pbrt-v4 8c19f304558fd7681e2fef2c395a689d0106fb05 src/pbrt/util/spectrum.cpp	Apache-2.0	pr4-spectral-assets-v1	d1481f2b2c592a01dee7aa53c084f71f56c19c080ccd148f254fe4a144034ae1	piecewise_linear
canon_eos_5d_mkiii_b	camera_sensor_response	nm	relative_response	none	pbrt-v4 8c19f304558fd7681e2fef2c395a689d0106fb05 src/pbrt/util/spectrum.cpp	Apache-2.0	pr4-spectral-assets-v1	825bb54223b8d7e0452579f1fc4ca65e39eb219655deb23fef7cb30c9813fa97	piecewise_linear
canon_eos_5d_mkiv_r	camera_sensor_response	nm	relative_response	none	pbrt-v4 8c19f304558fd7681e2fef2c395a689d0106fb05 src/pbrt/util/spectrum.cpp	Apache-2.0	pr4-spectral-assets-v1	c62424fc4548719c42487870a29c33ab82a5f6740f1e30089719c010d116e2dc	piecewise_linear
canon_eos_5d_mkiv_g	camera_sensor_response	nm	relative_response	none	pbrt-v4 8c19f304558fd7681e2fef2c395a689d0106fb05 src/pbrt/util/spectrum.cpp	Apache-2.0	pr4-spectral-assets-v1	bf962a87ba3f7f8eecb052ce0d07f02c71e926a095615b6532677bca15364390	piecewise_linear
canon_eos_5d_mkiv_b	camera_sensor_response	nm	relative_response	none	pbrt-v4 8c19f304558fd7681e2fef2c395a689d0106fb05 src/pbrt/util/spectrum.cpp	Apache-2.0	pr4-spectral-assets-v1	964699cc29b327d591c6fb34b5a9100c05e66de6e72b3c53e858ceec5baec586	piecewise_linear
canon_eos_5ds_r	camera_sensor_response	nm	relative_response	none	pbrt-v4 8c19f304558fd7681e2fef2c395a689d0106fb05 src/pbrt/util/spectrum.cpp	Apache-2.0	pr4-spectral-assets-v1	cf79c332c7bad989b188bc52499595571c6f8f111e347ef7d39f3d3035724747	piecewise_linear
canon_eos_5ds_g	camera_sensor_response	nm	relative_response	none	pbrt-v4 8c19f304558fd7681e2fef2c395a689d0106fb05 src/pbrt/util/spectrum.cpp	Apache-2.0	pr4-spectral-assets-v1	731cb13943ece36bbaf39bb38c17e749d3d432951ca474cd509f4c838bbc552f	piecewise_linear
canon_eos_5ds_b	camera_sensor_response	nm	relative_response	none	pbrt-v4 8c19f304558fd7681e2fef2c395a689d0106fb05 src/pbrt/util/spectrum.cpp	Apache-2.0	pr4-spectral-assets-v1	7f101f6577874278062b0ccb59f94f8391b309ee546c91e95af06f0931b17e3f	piecewise_linear
canon_eos_m_r	camera_sensor_response	nm	relative_response	none	pbrt-v4 8c19f304558fd7681e2fef2c395a689d0106fb05 src/pbrt/util/spectrum.cpp	Apache-2.0	pr4-spectral-assets-v1	074e069dadfc8367f7a0cca4b0cd97993df9a1ccdd0027bf88c6c7718b5b922a	piecewise_linear
canon_eos_m_g	camera_sensor_response	nm	relative_response	none	pbrt-v4 8c19f304558fd7681e2fef2c395a689d0106fb05 src/pbrt/util/spectrum.cpp	Apache-2.0	pr4-spectral-assets-v1	7253dc24a244c76d986b6f2f70e4ff4a44d3577c95f248397cb18628a83c6447	piecewise_linear
canon_eos_m_b	camera_sensor_response	nm	relative_response	none	pbrt-v4 8c19f304558fd7681e2fef2c395a689d0106fb05 src/pbrt/util/spectrum.cpp	Apache-2.0	pr4-spectral-assets-v1	becf27a7aa8d8c3a9b2e4a80c04240a364ef275fb04f3da21fee451fdac0aee4	piecewise_linear
hasselblad_l1d_20c_r	camera_sensor_response	nm	relative_response	none	pbrt-v4 8c19f304558fd7681e2fef2c395a689d0106fb05 src/pbrt/util/spectrum.cpp	Apache-2.0	pr4-spectral-assets-v1	9d0c5ad45ef446990a1000e79a5f460f5d181c057b2961c69358403406186aac	piecewise_linear
hasselblad_l1d_20c_g	camera_sensor_response	nm	relative_response	none	pbrt-v4 8c19f304558fd7681e2fef2c395a689d0106fb05 src/pbrt/util/spectrum.cpp	Apache-2.0	pr4-spectral-assets-v1	59e454b1c56bf96b8492f68d5879de37ccb84029a9e5fe461315b21c85d6537e	piecewise_linear
hasselblad_l1d_20c_b	camera_sensor_response	nm	relative_response	none	pbrt-v4 8c19f304558fd7681e2fef2c395a689d0106fb05 src/pbrt/util/spectrum.cpp	Apache-2.0	pr4-spectral-assets-v1	0522985a5626e3c1754afb01c800e8df7c3cede55dc5ca0ef7be1dbdb04272ff	piecewise_linear
nikon_d810_r	camera_sensor_response	nm	relative_response	none	pbrt-v4 8c19f304558fd7681e2fef2c395a689d0106fb05 src/pbrt/util/spectrum.cpp	Apache-2.0	pr4-spectral-assets-v1	c98bcb8c3f3b4bd2aca14bfe7ad3399d9985e3fd94b8daad34f8811a200656ad	piecewise_linear
nikon_d810_g	camera_sensor_response	nm	relative_response	none	pbrt-v4 8c19f304558fd7681e2fef2c395a689d0106fb05 src/pbrt/util/spectrum.cpp	Apache-2.0	pr4-spectral-assets-v1	5226659cad8ea18586f2e0dea38363ecb6bb34c4ce4c92e1ce037d6428a3297d	piecewise_linear
nikon_d810_b	camera_sensor_response	nm	relative_response	none	pbrt-v4 8c19f304558fd7681e2fef2c395a689d0106fb05 src/pbrt/util/spectrum.cpp	Apache-2.0	pr4-spectral-assets-v1	5bfeb45f240b12a15e91602849a291b51a3310795a31cb30301bc29829eb0f72	piecewise_linear
nikon_d850_r	camera_sensor_response	nm	relative_response	none	pbrt-v4 8c19f304558fd7681e2fef2c395a689d0106fb05 src/pbrt/util/spectrum.cpp	Apache-2.0	pr4-spectral-assets-v1	859a6e39172e8b6f13a3d014681eaa3b715a103869f6407745060357f2a142b4	piecewise_linear
nikon_d850_g	camera_sensor_response	nm	relative_response	none	pbrt-v4 8c19f304558fd7681e2fef2c395a689d0106fb05 src/pbrt/util/spectrum.cpp	Apache-2.0	pr4-spectral-assets-v1	428c1edecb5115821583c2eca758006513477ee0780bc80206d7c3d02ddfe934	piecewise_linear
nikon_d850_b	camera_sensor_response	nm	relative_response	none	pbrt-v4 8c19f304558fd7681e2fef2c395a689d0106fb05 src/pbrt/util/spectrum.cpp	Apache-2.0	pr4-spectral-assets-v1	e1fa3ca073628481a68dd9c02f54bdbfb3f61007d6ad5a1b3f013c1a61b326cc	piecewise_linear
sony_ilce_6400_r	camera_sensor_response	nm	relative_response	none	pbrt-v4 8c19f304558fd7681e2fef2c395a689d0106fb05 src/pbrt/util/spectrum.cpp	Apache-2.0	pr4-spectral-assets-v1	0dcb3af7b415b8158fa6052f47ad8079036337ed5ce150188099ab017406f2f2	piecewise_linear
sony_ilce_6400_g	camera_sensor_response	nm	relative_response	none	pbrt-v4 8c19f304558fd7681e2fef2c395a689d0106fb05 src/pbrt/util/spectrum.cpp	Apache-2.0	pr4-spectral-assets-v1	a0473f2173e7467fd512602b7ee5846fefb55e3ec25727ddb17c2d266e03e612	piecewise_linear
sony_ilce_6400_b	camera_sensor_response	nm	relative_response	none	pbrt-v4 8c19f304558fd7681e2fef2c395a689d0106fb05 src/pbrt/util/spectrum.cpp	Apache-2.0	pr4-spectral-assets-v1	ead7220532c19964f7cdb7d14ebf5e58baf6c44376dccd55e5d2002030cd3673	piecewise_linear
sony_ilce_7m3_r	camera_sensor_response	nm	relative_response	none	pbrt-v4 8c19f304558fd7681e2fef2c395a689d0106fb05 src/pbrt/util/spectrum.cpp	Apache-2.0	pr4-spectral-assets-v1	69de0846bd7714b53ee3d313b847dceb6cc4cbbf9048eaf8c219c77355f02536	piecewise_linear
sony_ilce_7m3_g	camera_sensor_response	nm	relative_response	none	pbrt-v4 8c19f304558fd7681e2fef2c395a689d0106fb05 src/pbrt/util/spectrum.cpp	Apache-2.0	pr4-spectral-assets-v1	f64ef739503277ae6abb00a66f7620d64316906828a496460e8ee4b945cc7079	piecewise_linear
sony_ilce_7m3_b	camera_sensor_response	nm	relative_response	none	pbrt-v4 8c19f304558fd7681e2fef2c395a689d0106fb05 src/pbrt/util/spectrum.cpp	Apache-2.0	pr4-spectral-assets-v1	ba23fac17a932ef1638a3c21d84789ddd93787847c656f458bc9f4ce96551bfc	piecewise_linear
sony_ilce_7rm3_r	camera_sensor_response	nm	relative_response	none	pbrt-v4 8c19f304558fd7681e2fef2c395a689d0106fb05 src/pbrt/util/spectrum.cpp	Apache-2.0	pr4-spectral-assets-v1	5f1e090eb845b5272aa7e8f4fc9bb616d32d298a9bc07647af0f3a9e83bd76a3	piecewise_linear
sony_ilce_7rm3_g	camera_sensor_response	nm	relative_response	none	pbrt-v4 8c19f304558fd7681e2fef2c395a689d0106fb05 src/pbrt/util/spectrum.cpp	Apache-2.0	pr4-spectral-assets-v1	ed8a674ab4f7696aa1b226b72230a1a142c948a5b71bc8ed55d270b59f568ce3	piecewise_linear
sony_ilce_7rm3_b	camera_sensor_response	nm	relative_response	none	pbrt-v4 8c19f304558fd7681e2fef2c395a689d0106fb05 src/pbrt/util/spectrum.cpp	Apache-2.0	pr4-spectral-assets-v1	6324ffcc6c9fa0b755ffbb03812e26f8adafd1493f832766232a47a45ccd5fdd	piecewise_linear
sony_ilce_9_r	camera_sensor_response	nm	relative_response	none	pbrt-v4 8c19f304558fd7681e2fef2c395a689d0106fb05 src/pbrt/util/spectrum.cpp	Apache-2.0	pr4-spectral-assets-v1	e253dc87f75d59c27ec14d9ede4d1353416ed80391c157367c6ce523091abfee	piecewise_linear
sony_ilce_9_g	camera_sensor_response	nm	relative_response	none	pbrt-v4 8c19f304558fd7681e2fef2c395a689d0106fb05 src/pbrt/util/spectrum.cpp	Apache-2.0	pr4-spectral-assets-v1	abd31ed43276e99d1a5023385b776b542c8c457e3afba2e55dc34a0fce4b4aa7	piecewise_linear
sony_ilce_9_b	camera_sensor_response	nm	relative_response	none	pbrt-v4 8c19f304558fd7681e2fef2c395a689d0106fb05 src/pbrt/util/spectrum.cpp	Apache-2.0	pr4-spectral-assets-v1	de98d725c2eb53fdb469643de33e2cf580a8cbe69a7a072f26e6702c11b47ec0	piecewise_linear
